,building_id,geo_level_1_id,geo_level_2_id,geo_level_3_id,count_floors_pre_eq,age,area_percentage,height_percentage,count_families,damage_grade
count,260601.0,260601.0,260601.0,260601.0,260601.0,260601.0,260601.0,260601.0,260601.0,260601.0
mean,525675.4827725143,13.900353413839548,701.0746850549307,6257.876147827522,2.1297232167182782,26.535028645323695,8.018050583075276,5.43436517895173,0.9839486417933929,2.2382723013342236
std,304544.99903218966,8.033616624918855,412.7107335636389,3646.369644684097,0.7276645452862875,73.56593652272696,4.392230935895033,1.918418220748101,0.4183889778596041,0.611813603432594
min,4.0,0.0,0.0,0.0,1.0,0.0,1.0,2.0,0.0,1.0
25%,261190.0,7.0,350.0,3073.0,2.0,10.0,5.0,4.0,1.0,2.0
50%,525757.0,12.0,702.0,6270.0,2.0,15.0,7.0,5.0,1.0,2.0
75%,789762.0,21.0,1050.0,9412.0,2.0,30.0,9.0,6.0,1.0,3.0
max,1052934.0,30.0,1427.0,12567.0,9.0,995.0,100.0,32.0,9.0,3.0
